id,age,gender,location,use_frequency,duration,total_spent,num_tickets,churn
1,56,Male,Urban,58,34.59326431,603.309095,15,0
2,69,Male,Suburban,5,37.61896831,187.5624502,15,0
3,46,Male,Urban,5,12.87741436,708.0877541,2,0
4,32,Female,Suburban,94,24.31312685,460.6202718,12,0
5,60,Male,Urban,96,3.328112441,671.0829857,13,0
6,25,Male,Rural,8,29.05721621,838.993409,7,1
7,38,Male,Suburban,64,33.03845045,178.0311443,11,0
8,56,Female,Rural,10,14.43723443,28.95341932,7,1
9,36,Female,Suburban,38,57.87770198,781.3115605,8,0
10,40,Male,Rural,96,54.65782205,613.6004509,0,0
11,28,Male,Urban,92,43.60645089,702.6431739,5,1
12,28,Male,Urban,81,32.4698111,839.7734252,18,0
13,41,Male,Urban,95,52.32818042,804.7828255,10,0
14,53,Female,Suburban,8,8.708488286,961.3109455,10,1
15,57,Female,Rural,25,47.64007786,540.5757281,12,0
16,41,Female,Urban,73,8.364428024,493.6106763,10,0
17,20,Female,Rural,66,47.85842909,407.8683279,17,0
18,39,Male,Rural,79,17.27028653,162.1541324,14,0
19,19,Male,Urban,50,52.74834428,576.8811606,0,0
20,41,Male,Urban,67,56.69848354,284.2423991,6,0
21,61,Female,Rural,49,9.778962195,922.0944371,12,0
22,47,Male,Urban,36,28.2978607,587.3588962,11,0
23,55,Female,Urban,68,58.87825531,596.9117787,17,0
24,19,Female,Urban,78,29.52103872,361.3754143,18,0
25,38,Male,Suburban,41,51.94930383,61.46945846,14,0
26,50,Male,Rural,89,35.73515981,41.42632772,7,0
27,29,Male,Rural,62,23.14446457,429.1017927,18,0
28,39,Female,Suburban,10,17.86122978,93.71972432,9,0
29,61,Male,Rural,21,12.99016237,610.778486,6,0
30,42,Female,Urban,36,45.94609329,882.1632756,17,0
31,66,Male,Rural,12,23.8058899,884.0856684,15,1
32,44,Female,Urban,91,31.16525227,662.454956,19,0
33,59,Female,Suburban,2,30.04720332,219.1195132,5,0
34,45,Male,Urban,13,35.05946272,864.366863,8,0
35,33,Female,Rural,53,52.06905159,887.232501,12,0
36,32,Female,Rural,32,58.86362127,204.6870491,7,1
37,64,Male,Rural,95,25.04746831,740.0518249,15,1
38,68,Female,Suburban,16,49.8236164,293.6543534,12,0
39,61,Male,Suburban,32,46.10713988,804.6139092,12,0
40,69,Female,Rural,32,34.83820814,997.2655209,16,1
41,20,Male,Urban,98,57.40678147,39.72574528,19,1
42,54,Male,Suburban,11,12.82799642,898.3922071,4,0
43,68,Female,Rural,10,7.446588408,626.4042283,16,0
44,24,Female,Rural,15,51.38375605,973.648793,8,0
45,38,Female,Suburban,17,26.90983918,470.3594224,1,1
46,26,Female,Suburban,40,50.9711624,848.9140513,17,0
47,56,Female,Suburban,18,53.69232211,71.77012791,8,0
48,35,Male,Urban,55,4.684998024,341.9262596,5,0
49,21,Female,Urban,73,53.12442102,76.34637237,10,0
50,42,Male,Rural,25,27.45082427,975.5897021,5,0
51,31,Male,Suburban,59,31.11551685,818.8041682,5,1
52,67,Female,Urban,78,37.96895815,854.021947,12,0
53,26,Male,Suburban,89,55.6565738,938.5855791,10,0
54,43,Male,Rural,22,2.127849571,94.25245126,13,0
55,19,Male,Urban,30,29.13376463,391.7416166,1,0
56,37,Male,Urban,84,41.5756005,80.32454015,7,0
57,45,Female,Urban,85,43.6397105,218.6851705,2,0
58,64,Male,Rural,44,41.85941346,237.0721193,2,0
59,24,Female,Suburban,32,8.931672635,474.4161389,0,0
60,61,Female,Urban,51,18.66433971,275.8765458,18,0
61,25,Male,Rural,46,22.164216,109.9683257,17,0
62,64,Female,Suburban,21,48.46179525,175.8161782,16,1
63,52,Female,Rural,99,17.44683247,155.8028079,19,1
64,31,Female,Suburban,32,13.43159287,973.3460299,12,0
65,34,Male,Rural,94,57.48943312,761.6995818,2,0
66,53,Female,Suburban,39,1.522933822,968.0838506,0,1
67,67,Female,Urban,12,59.87143049,445.3430816,3,0
68,57,Female,Suburban,47,40.93245663,285.5847968,12,1
69,21,Male,Rural,18,49.87968867,800.3102652,16,1
70,19,Female,Rural,21,18.38254438,332.9913789,10,0
71,23,Male,Suburban,13,1.844601382,306.38954,1,0
72,59,Male,Urban,21,44.5343016,240.1809323,15,1
73,21,Male,Urban,8,50.21453122,138.3821884,1,0
74,46,Male,Suburban,46,44.68809179,263.8984304,18,0
75,35,Male,Suburban,7,9.428166951,361.766551,18,0
76,43,Male,Rural,23,45.45224741,677.2542661,15,0
77,61,Female,Urban,96,46.36644414,71.9391938,18,0
78,51,Male,Suburban,75,39.85389042,218.4018703,8,0
79,27,Female,Urban,86,46.20084003,810.9334039,0,1
80,53,Female,Suburban,22,50.90936494,155.4527043,9,0
81,31,Male,Suburban,89,37.20264274,349.2186951,18,0
82,48,Female,Urban,22,6.227678124,866.0123326,0,0
83,65,Female,Suburban,92,29.77004077,163.376058,1,0
84,32,Female,Suburban,29,5.581310746,91.90946726,15,0
85,25,Female,Rural,13,25.04503883,489.6926151,11,1
86,31,Male,Suburban,82,25.01928286,309.3953162,7,1
87,40,Female,Suburban,2,4.894580804,567.7742808,17,0
88,57,Male,Suburban,29,21.5804115,805.7668416,1,0
89,38,Female,Rural,85,7.548887829,145.7770033,12,0
90,33,Female,Urban,79,48.68587739,584.8920937,5,0
91,62,Male,Rural,52,56.91359353,510.4536728,5,0
92,35,Female,Rural,27,5.26667204,152.6379982,8,0
93,64,Female,Urban,50,57.35179723,627.7585007,15,1
94,41,Female,Rural,95,31.83201936,280.9040137,10,0
95,43,Male,Urban,79,18.674375,492.9559754,6,0
96,42,Female,Rural,23,5.534862441,91.44960103,9,0
97,62,Male,Urban,88,30.53683182,464.9882166,9,0
98,58,Female,Suburban,44,47.87641712,313.3988334,19,0
99,46,Male,Rural,77,42.71810216,824.1573991,17,0
100,32,Male,Rural,22,3.963334676,66.40893973,19,0
101,62,Female,Rural,43,5.301208287,424.4212022,8,0
102,18,Female,Rural,37,24.76952368,463.8471099,14,0
103,42,Male,Suburban,61,18.42213915,727.7560155,3,0
104,24,Male,Rural,97,14.71067506,578.5446993,7,0
105,26,Female,Suburban,56,17.57926544,670.5402138,8,0
106,41,Male,Suburban,3,48.40548185,779.2787928,12,1
107,18,Female,Suburban,63,55.82445516,863.5809439,8,0
108,61,Female,Suburban,19,24.90105898,320.7367418,3,0
109,25,Female,Urban,23,54.46054913,542.6424783,16,0
110,41,Female,Urban,29,19.96824637,841.7069977,15,0
111,28,Male,Rural,30,29.10978219,989.5566197,14,0
112,68,Female,Urban,39,14.33571087,890.6241179,2,0
113,34,Male,Urban,25,38.78808649,377.75259,19,0
114,25,Female,Rural,8,58.7598858,203.214852,4,0
115,52,Male,Rural,58,36.60609267,494.498612,4,1
116,52,Female,Rural,16,22.11103096,744.2250373,19,0
117,50,Male,Urban,72,39.22122931,497.64338,14,1
118,22,Male,Urban,1,8.252320029,488.3490547,17,0
119,59,Female,Rural,5,53.43088574,839.8481169,14,0
120,56,Female,Suburban,3,30.6819531,367.7897413,1,1
121,58,Female,Rural,65,27.51163478,861.1967281,12,0
122,45,Female,Suburban,4,35.56602252,412.7367529,3,0
123,24,Male,Suburban,99,37.8622479,334.9507746,9,0
124,26,Female,Rural,96,5.234772567,459.4500121,12,0
125,25,Male,Rural,64,41.27441605,764.8224891,9,0
126,29,Male,Rural,98,15.27396914,134.7420076,8,0
127,51,Female,Urban,89,43.12320532,204.4550237,7,1
128,50,Male,Suburban,10,49.52955287,951.9303774,2,0
129,65,Male,Urban,21,48.43355195,183.7367111,15,1
130,40,Male,Urban,46,33.59755708,572.0500448,13,1
131,41,Male,Rural,91,31.69002365,583.521322,8,0
132,54,Female,Urban,27,9.429681719,494.7282174,10,0
133,52,Female,Rural,66,46.74542287,648.2977961,2,1
134,61,Female,Suburban,41,17.01315345,237.5284585,4,1
135,57,Female,Rural,13,30.30502995,557.1356451,9,0
136,39,Male,Urban,9,17.77217148,378.4515227,12,0
137,44,Male,Urban,36,8.895873417,665.050587,3,0
138,52,Female,Rural,86,38.14390412,149.8113079,12,0
139,18,Female,Rural,90,4.205590055,575.1686427,11,0
140,52,Female,Urban,58,45.17006881,193.4176518,4,0
141,54,Male,Suburban,54,19.73762092,285.8566325,9,0
142,64,Female,Suburban,12,1.007946887,226.5227023,8,0
143,31,Female,Rural,81,31.15661921,191.0094021,19,0
144,20,Female,Suburban,78,3.764262603,827.453842,6,0
145,18,Male,Urban,14,17.29400391,292.850492,1,0
146,22,Male,Rural,34,42.71161276,927.852544,6,0
147,43,Male,Urban,53,4.698687676,970.2272601,7,0
148,31,Male,Urban,20,50.52097105,575.5478652,6,0
149,56,Male,Suburban,75,1.225375437,151.5711114,13,0
150,44,Male,Rural,16,15.56260828,380.8027609,18,1
151,26,Male,Rural,95,44.71333931,799.7549407,4,0
152,32,Male,Suburban,70,19.65993883,373.7168214,17,0
153,32,Female,Urban,56,7.011650896,96.14704612,19,0
154,43,Female,Urban,83,22.25380121,561.2170618,11,1
155,59,Male,Urban,58,16.9532039,846.669643,16,0
156,30,Male,Urban,4,50.72000223,797.9671233,12,0
157,68,Female,Rural,4,19.48752714,183.3719087,1,0
158,49,Male,Rural,20,47.54701583,676.0369683,12,0
159,56,Male,Suburban,10,53.62045654,228.2992208,6,0
160,66,Male,Suburban,24,26.59522776,226.0254592,9,0
161,69,Female,Rural,99,54.68664549,875.3310556,5,0
162,49,Female,Rural,26,23.26176518,257.1722632,2,0
163,21,Female,Urban,37,57.88062657,270.6148731,2,0
164,47,Female,Urban,85,6.268081947,10.64685685,17,0
165,54,Female,Suburban,54,41.53413672,871.9623438,10,1
166,40,Male,Rural,21,30.13502839,794.6688651,19,0
167,56,Female,Suburban,74,23.87127952,631.0556457,4,1
168,62,Male,Rural,38,38.33000085,752.7631063,18,0
169,32,Male,Urban,46,42.52756841,160.5280818,18,0
170,60,Female,Suburban,4,1.257432909,463.7403586,14,0
171,46,Female,Suburban,60,10.85023224,357.7071935,15,1
172,53,Male,Rural,57,43.06971699,102.838761,8,0
173,30,Male,Urban,45,40.3167394,491.2691804,3,0
174,49,Male,Suburban,20,57.9968028,921.5322538,14,0
175,24,Female,Urban,17,45.90122962,49.65852786,11,0
176,68,Female,Suburban,71,57.09558976,298.5463044,2,0
177,39,Female,Urban,4,42.44988959,215.4655268,13,0
178,45,Female,Rural,93,18.58508031,245.7651871,16,0
179,19,Female,Suburban,14,7.216530413,909.3502064,18,0
180,59,Male,Suburban,3,47.12760794,473.3883637,5,0
181,62,Female,Urban,88,39.00480407,471.6364188,3,0
182,23,Male,Urban,80,3.842974731,762.969886,6,0
183,45,Male,Suburban,58,22.24297749,162.947282,18,0
184,45,Male,Rural,55,57.45118911,492.3927006,16,0
185,61,Female,Urban,4,30.5236676,435.685362,15,0
186,61,Female,Urban,24,26.53101903,600.9415836,14,1
187,37,Female,Urban,34,28.0042767,999.5621262,7,1
188,47,Male,Suburban,30,13.32408072,771.7544051,18,1
189,28,Male,Suburban,82,22.75372308,403.887046,7,0
190,45,Male,Suburban,19,22.8189821,829.2775218,17,0
191,42,Male,Suburban,31,4.088946191,179.0012797,15,0
192,56,Male,Rural,60,46.28649008,40.15904945,19,0
193,50,Male,Rural,60,25.57376148,212.4038887,18,0
194,18,Female,Suburban,19,49.50861332,347.0074406,9,0
195,44,Female,Rural,49,51.17053207,515.4749499,16,1
196,69,Female,Urban,63,13.50764923,618.9778491,12,1
197,30,Female,Urban,83,39.78385545,911.49966,12,0
198,58,Male,Urban,22,28.86462645,514.7554695,6,0
199,20,Male,Suburban,24,52.92924754,506.2628882,9,0
200,56,Female,Urban,76,13.72870007,59.74057972,1,0
201,23,Male,Rural,30,40.99097882,44.56243713,3,0
202,25,Female,Suburban,58,36.85737521,555.6483623,5,0
203,44,Female,Rural,31,18.42278718,443.7968271,17,0
204,26,Female,Urban,64,9.059453315,840.788591,5,0
205,54,Male,Urban,19,39.44674587,169.0727889,16,0
206,50,Female,Urban,48,44.57725003,34.7219455,13,0
207,68,Female,Suburban,45,19.62201328,454.5483803,10,0
208,59,Female,Rural,94,39.04512364,245.1037712,18,1
209,61,Male,Suburban,55,24.31272355,59.11822961,1,0
210,41,Male,Suburban,55,43.07920611,727.352304,2,0
211,32,Female,Urban,97,12.75370122,120.47707,10,0
212,49,Male,Suburban,18,53.52268516,612.236305,5,0
213,49,Male,Suburban,63,17.95716619,288.2392527,13,1
214,41,Male,Urban,92,22.69937328,181.7610899,18,0
215,58,Male,Suburban,47,4.427425173,385.9540077,15,0
216,69,Male,Urban,75,7.579220527,803.4313185,6,0
217,66,Male,Urban,57,31.43585226,398.1726411,7,1
218,66,Male,Urban,45,16.78796793,753.2619527,18,0
219,69,Male,Urban,33,50.29333332,134.2314338,19,0
220,29,Male,Suburban,17,1.866909931,775.0437055,15,0
221,56,Male,Urban,70,23.36654887,244.5639917,6,0
222,19,Female,Urban,4,20.90338726,680.6191986,8,0
223,20,Female,Suburban,20,2.140330224,570.1237393,12,0
224,66,Male,Suburban,47,8.337735541,929.85327,0,0
225,54,Female,Rural,91,25.40491782,393.4492928,7,1
226,66,Female,Suburban,15,30.07901048,75.50353695,3,0
227,34,Male,Suburban,70,24.85309509,28.9639307,2,0
228,66,Male,Rural,47,32.32532303,828.5899754,2,0
229,19,Male,Suburban,78,36.11276882,529.4882813,12,0
230,19,Female,Suburban,75,1.585505447,777.4916113,7,0
231,45,Female,Suburban,9,28.38161441,242.081344,6,0
232,40,Male,Suburban,90,57.84645521,351.6329081,0,0
233,54,Male,Rural,16,31.62290453,39.80283349,15,0
234,49,Male,Suburban,69,40.97499378,961.8774013,5,0
235,50,Female,Suburban,61,19.39996762,671.1892276,6,0
236,18,Female,Rural,10,46.66549131,933.8730369,11,0
237,36,Female,Urban,50,46.60236743,272.8414434,8,0
238,19,Female,Rural,3,31.75646681,615.3489751,10,0
239,61,Male,Urban,77,58.58481557,681.7149686,9,1
240,43,Male,Rural,94,8.407462671,324.3742033,0,1
241,49,Male,Rural,70,1.999912228,849.6281427,17,0
242,23,Male,Suburban,81,46.43933449,947.6898483,3,0
243,49,Female,Urban,51,48.6221767,886.0065665,4,0
244,21,Female,Suburban,19,8.092226518,741.6763062,8,1
245,28,Male,Urban,42,16.66938714,284.6900329,16,0
246,34,Male,Rural,35,2.035589439,288.7998817,2,0
247,55,Female,Rural,46,18.30520804,963.7267172,15,0
248,41,Male,Urban,26,46.61537056,20.18165098,4,1
249,22,Female,Suburban,69,31.55967114,718.8894735,15,0
250,69,Male,Suburban,93,21.53764,709.1837009,2,0
251,51,Male,Suburban,64,22.9326184,626.4626455,19,0
252,23,Male,Suburban,37,1.079863917,990.2077576,14,0
253,39,Male,Rural,84,18.68823113,318.7606414,2,0
254,28,Male,Rural,49,39.14106576,346.5721452,19,0
255,65,Male,Rural,21,58.47747219,88.15000892,13,0
256,33,Male,Rural,74,50.97658879,448.3701552,15,0
257,50,Female,Rural,64,2.392102914,268.438041,16,0
258,26,Female,Suburban,5,54.01507568,349.9528352,19,0
259,23,Female,Suburban,70,47.20870638,836.2260724,17,0
260,33,Female,Suburban,90,47.04219129,936.1296684,17,0
261,46,Female,Suburban,4,28.02174978,193.8757413,13,0
262,20,Male,Rural,39,24.48231228,378.7838422,17,0
263,37,Male,Rural,35,18.872028,929.3442565,14,0
264,53,Female,Rural,1,4.875996678,71.19037608,14,0
265,36,Male,Urban,24,14.46588645,101.4369228,5,1
266,43,Female,Suburban,57,15.54961446,171.1630793,14,0
267,20,Female,Suburban,70,29.56054711,599.2607058,17,0
268,36,Male,Rural,41,45.09921999,158.9675483,3,0
269,37,Male,Suburban,54,28.95477988,968.3956176,7,0
270,49,Male,Suburban,46,4.412822517,452.247382,14,1
271,24,Female,Rural,60,57.50959826,506.5027807,2,1
272,69,Male,Urban,60,56.62073483,254.1920296,14,0
273,58,Female,Urban,57,47.32618305,476.2506499,12,0
274,50,Female,Urban,31,59.48834619,665.2944963,8,0
275,57,Female,Rural,84,33.12445764,753.6653656,1,0
276,56,Male,Suburban,24,57.80333266,756.3294019,7,0
277,35,Male,Rural,89,5.460697396,582.1122016,19,0
278,57,Female,Rural,36,22.57516415,905.3161772,16,0
279,18,Male,Suburban,85,14.29749481,819.2337688,12,0
280,28,Male,Urban,30,12.55415196,759.4776336,0,1
281,45,Male,Urban,24,9.307373985,65.04946646,1,0
282,42,Female,Rural,30,37.72240485,16.8091826,14,1
283,67,Female,Urban,86,47.09798949,220.3228044,11,0
284,40,Male,Rural,92,35.11960557,666.888358,13,0
285,48,Female,Rural,7,9.670799866,417.085514,1,0
286,47,Male,Suburban,35,48.85630243,408.3821967,17,0
287,59,Male,Suburban,55,38.52132772,885.7410193,6,0
288,52,Male,Suburban,92,23.90177666,896.6072197,5,0
289,24,Male,Rural,14,40.77368744,910.0835114,13,1
290,33,Female,Suburban,10,16.33439378,320.7392957,7,0
291,43,Female,Urban,80,21.3663403,694.1452546,1,0
292,65,Female,Urban,16,55.13166474,278.9168495,16,1
293,69,Male,Rural,54,18.13976583,198.7037347,4,0
294,66,Male,Rural,95,28.72930782,192.7861328,13,0
295,19,Male,Suburban,89,53.51832711,348.6865447,19,0
296,18,Female,Rural,77,42.75555967,435.6580436,2,1
297,65,Male,Rural,70,4.669990344,832.6396793,4,1
298,29,Female,Urban,44,9.690879612,128.6921825,15,1
299,22,Female,Urban,73,1.462653856,737.5765889,17,0
300,54,Female,Suburban,45,38.22438562,536.140365,16,1
301,49,Female,Rural,56,27.4127321,295.0658892,10,0
302,26,Female,Rural,84,8.922216203,497.8913887,16,0
303,58,Female,Urban,82,57.51811314,306.9426491,15,0
304,52,Male,Rural,57,32.24992371,600.1211357,1,0
305,36,Male,Urban,21,15.27170435,439.5054836,3,1
306,65,Female,Suburban,68,30.5356107,172.7614738,6,1
307,33,Female,Urban,50,41.09759963,125.4172438,1,0
308,20,Male,Rural,33,5.49811386,551.2287253,5,0
309,37,Female,Suburban,91,17.20752509,903.388903,16,0
310,41,Female,Urban,7,48.61096396,350.5181097,6,1
311,50,Male,Urban,70,28.12022735,735.6701062,4,0
312,41,Female,Suburban,15,33.24805138,662.0747414,4,0
313,69,Female,Suburban,82,26.53614413,932.2393652,19,0
314,28,Female,Urban,32,3.590096616,822.7712071,15,0
315,66,Male,Rural,75,10.77923701,570.9392063,18,0
316,25,Male,Urban,20,27.28695669,660.4601933,8,1
317,53,Male,Suburban,88,13.34194246,899.4026019,4,0
318,55,Female,Urban,15,3.948762691,405.5235967,7,0
319,57,Female,Suburban,48,50.77533018,333.5267588,8,0
320,37,Male,Suburban,71,58.89035922,20.7029728,4,0
321,52,Female,Rural,21,47.79542957,828.2855634,9,1
322,65,Female,Suburban,42,51.37331038,802.9708934,1,0
323,42,Female,Suburban,26,15.27665069,113.4099729,8,0
324,52,Female,Rural,14,57.67699156,581.0888073,10,0
325,42,Female,Suburban,57,12.61861656,469.3418812,3,0
326,46,Male,Rural,37,57.13435881,127.5220046,1,0
327,35,Female,Rural,58,59.69433834,980.7625448,5,0
328,63,Male,Suburban,21,42.99164554,222.5489286,13,0
329,35,Female,Suburban,82,58.88748018,76.56183829,0,0
330,19,Male,Urban,69,34.60284699,598.8989057,17,0
331,52,Female,Rural,3,16.31296521,741.4780104,6,0
332,33,Male,Urban,87,26.78275725,42.11901159,0,0
333,58,Female,Suburban,90,36.02009519,662.1304623,0,0
334,53,Male,Urban,37,5.31181216,536.9689572,0,1
335,50,Female,Rural,88,37.71825261,112.2323588,3,1
336,21,Male,Urban,49,58.88949237,180.7986382,3,0
337,50,Female,Rural,19,12.21635134,572.2945543,17,0
338,31,Male,Suburban,89,47.76311186,303.3940374,10,0
339,38,Male,Suburban,85,54.56602883,938.9325714,0,0
340,65,Female,Rural,12,56.67839398,820.5528272,9,1
341,37,Female,Suburban,61,57.64800066,983.7315344,8,0
342,25,Male,Suburban,41,31.76611868,267.0741306,3,0
343,24,Female,Suburban,33,58.66116657,970.0263965,5,1
344,20,Male,Suburban,50,45.68130222,436.9215311,15,1
345,34,Male,Rural,68,10.53861474,354.0436074,1,0
346,50,Male,Urban,71,29.13710628,59.8460317,17,0
347,65,Female,Urban,86,43.38153935,62.23760528,9,0
348,29,Male,Suburban,33,15.59307863,695.0911434,16,0
349,68,Male,Urban,81,38.79629583,463.3497045,12,1
350,39,Female,Urban,24,40.32942826,234.2564098,17,1
351,39,Female,Suburban,61,10.59928488,617.8306033,12,0
352,63,Female,Suburban,61,34.34003343,260.3295371,16,0
353,47,Female,Urban,98,46.52598775,581.8554368,4,1
354,55,Male,Rural,28,30.43484421,365.6166595,10,0
355,55,Male,Suburban,58,1.71408389,825.3167043,6,0
356,62,Male,Rural,43,1.533269676,822.4891992,9,0
357,68,Male,Urban,41,22.06473129,482.5768941,16,0
358,25,Female,Suburban,39,55.64545004,357.3109182,14,0
359,44,Male,Rural,86,14.49193,368.9341986,17,0
360,44,Male,Suburban,49,38.42745764,807.6573804,18,0
361,51,Female,Urban,17,14.10247637,334.897688,1,0
362,38,Male,Rural,98,19.97852939,216.96878,3,0
363,47,Male,Urban,70,51.03448329,93.84145846,2,0
364,50,Male,Urban,70,44.00282509,472.0261897,6,0
365,45,Male,Suburban,98,6.628557361,487.3107779,17,1
366,64,Male,Rural,65,26.29341924,842.4996233,9,0
367,50,Male,Urban,74,2.721016055,229.0263095,6,0
368,22,Female,Urban,85,29.37251865,387.1813609,7,0
369,65,Female,Rural,5,40.08360669,810.3216815,5,1
370,36,Male,Urban,2,7.991654792,825.3873746,0,0
371,21,Male,Urban,22,18.0442114,390.7649652,3,0
372,52,Female,Rural,57,24.4723609,464.5327831,13,0
373,66,Male,Rural,66,55.25233045,310.2530319,16,0
374,34,Male,Rural,74,59.60204591,933.2293296,19,0
375,61,Male,Rural,98,3.649766641,127.4573281,17,0
376,45,Female,Suburban,16,45.89946749,934.4119288,10,0
377,47,Male,Rural,51,22.93171992,687.0277873,13,0
378,46,Female,Suburban,39,24.15503299,536.2564312,8,0
379,63,Male,Suburban,86,45.50163343,42.33247018,14,0
380,23,Female,Suburban,76,55.1871595,480.8402299,11,0
381,52,Female,Urban,88,57.10478708,413.670624,9,0
382,58,Male,Suburban,40,35.05023258,169.6066239,18,0
383,54,Female,Suburban,38,22.0701484,659.8455075,18,0
384,41,Male,Urban,60,47.46539607,971.4393983,5,0
385,46,Female,Urban,59,15.80908161,566.566923,19,1
386,66,Male,Urban,10,34.2803677,717.6057437,5,1
387,63,Male,Rural,99,22.15612923,77.76594804,7,0
388,48,Female,Urban,64,39.74123335,423.4903259,0,0
389,52,Male,Urban,63,15.18353586,125.1949003,16,0
390,50,Male,Suburban,49,12.3039838,616.6678772,16,1
391,69,Female,Urban,64,55.17610611,939.0973366,14,0
392,38,Male,Rural,32,7.006417294,665.1599551,6,0
393,49,Male,Urban,7,30.85151656,86.03501783,18,0
394,40,Female,Rural,21,14.03031419,361.1195429,2,0
395,50,Female,Urban,20,3.296867836,555.1567456,10,1
396,20,Male,Urban,26,3.125110279,409.1756786,19,0
397,35,Male,Urban,68,11.33808455,835.3075704,18,0
398,42,Female,Urban,86,52.13945092,816.5242947,8,1
399,59,Female,Rural,15,17.66624589,615.7127099,9,0
400,48,Male,Rural,85,57.07709106,379.7233657,1,0
401,20,Female,Suburban,79,35.31571529,262.78301,0,0
402,57,Male,Rural,86,26.7602372,114.815575,15,1
403,63,Male,Urban,92,35.22524125,361.3487067,17,0
404,41,Male,Suburban,14,31.48520473,419.040792,16,0
405,67,Male,Suburban,27,45.76779897,679.0646959,5,0
406,49,Male,Suburban,40,17.66726789,661.5782261,13,0
407,64,Female,Urban,58,21.8299731,79.40705824,14,0
408,39,Female,Rural,28,53.75156385,401.3067223,13,0
409,40,Female,Urban,26,56.84093428,189.9610785,2,0
410,19,Female,Suburban,63,53.66093542,165.2445783,18,1
411,44,Male,Urban,66,25.74743164,829.0291282,11,0
412,59,Male,Urban,25,47.04156468,51.49606455,1,0
413,19,Male,Rural,3,29.10380826,424.9910471,2,0
414,43,Male,Rural,72,30.35485128,176.5216192,17,0
415,34,Female,Suburban,44,13.07612643,880.5369135,0,1
416,57,Male,Urban,97,35.87668789,561.4701081,19,0
417,50,Male,Urban,42,11.98201797,239.06683,5,0
418,26,Female,Rural,99,20.56231724,507.4030143,4,0
419,60,Female,Urban,6,51.4467819,734.1714961,0,0
420,65,Female,Urban,39,13.21747274,958.5368288,18,0
421,56,Female,Urban,52,5.198338825,228.2415442,0,0
422,46,Male,Rural,23,5.071447964,887.3199544,15,0
423,59,Male,Suburban,89,56.50628671,934.961073,11,0
424,43,Female,Suburban,50,30.90830584,917.2563391,7,0
425,52,Male,Urban,43,25.15531224,639.0602133,15,0
426,67,Male,Suburban,19,48.84183628,633.5224479,0,1
427,42,Male,Rural,69,50.31372975,409.1785269,3,0
428,41,Female,Rural,51,20.59927095,754.8739035,9,0
429,30,Male,Suburban,11,41.92346539,535.9810782,10,0
430,24,Female,Suburban,12,46.49624614,680.6636905,16,0
431,53,Male,Urban,74,39.62439053,434.1733248,6,0
432,62,Male,Suburban,8,9.944109413,734.1814994,11,1
433,37,Male,Urban,24,52.67710193,826.2268024,6,0
434,18,Female,Urban,92,32.80657861,154.971894,11,1
435,25,Male,Rural,41,17.66587316,834.6004184,14,0
436,63,Female,Rural,36,26.08846294,544.8935665,1,0
437,33,Female,Rural,85,3.216694334,846.21925,13,1
438,31,Female,Rural,72,8.544141272,436.9886893,12,0
439,29,Male,Suburban,55,46.16725828,385.2500805,3,1
440,68,Male,Rural,9,1.000686451,915.9101252,13,0
441,40,Male,Suburban,47,25.57738388,258.6575749,13,1
442,32,Male,Rural,15,31.82810068,845.770202,15,0
443,45,Female,Suburban,48,4.22343078,489.1803668,6,0
444,51,Female,Urban,82,58.41161162,518.9544881,18,0
445,19,Female,Suburban,42,14.34139454,315.3835987,1,0
446,49,Male,Suburban,60,18.94772446,577.3117786,9,0
447,40,Female,Rural,84,18.93260822,331.9590843,17,0
448,39,Male,Suburban,70,14.59458306,48.8767201,16,0
449,68,Female,Urban,12,1.086955503,279.2786193,4,0
450,42,Male,Urban,2,44.03134285,16.31525297,11,0
451,39,Male,Rural,7,58.04388449,978.5712392,5,0
452,39,Female,Urban,80,14.23331551,966.0897377,8,0
453,66,Female,Suburban,3,40.11978432,401.2037445,19,0
454,69,Female,Urban,3,44.77188329,731.0871458,0,0
455,59,Female,Rural,27,51.05709737,352.3480374,14,0
456,23,Male,Suburban,40,25.93512262,674.3822255,5,0
457,32,Female,Rural,33,18.87292343,807.3757426,18,1
458,60,Female,Suburban,92,20.19241291,947.2886822,17,1
459,54,Female,Urban,1,43.04465865,406.2101531,5,0
460,50,Male,Rural,8,49.18998852,785.4650031,12,0
461,25,Male,Rural,32,11.7152241,273.2691661,0,0
462,61,Female,Suburban,48,22.88551948,990.4289808,12,0
463,61,Male,Rural,4,54.21447161,35.51190278,6,0
464,22,Female,Suburban,94,48.59491766,607.4935184,14,0
465,56,Male,Suburban,70,59.10664576,662.9109218,11,0
466,21,Male,Suburban,19,45.50064732,691.1651015,0,0
467,23,Male,Suburban,32,24.19851686,129.183703,14,0
468,62,Male,Urban,9,35.84763221,939.1444856,3,1
469,49,Female,Suburban,12,39.999841,189.3714463,12,0
470,69,Female,Rural,11,5.628893163,626.5258692,4,1
471,47,Female,Urban,46,33.12532059,230.4493183,1,1
472,64,Male,Rural,16,42.84992888,314.1442529,0,0
473,52,Female,Urban,1,10.87195694,550.9939563,15,0
474,57,Female,Suburban,63,47.05727133,423.0214844,5,0
475,69,Female,Urban,21,35.44259405,168.623345,15,1
476,33,Male,Urban,30,57.18108536,179.2270384,13,1
477,30,Male,Rural,13,3.502915594,423.9633403,2,0
478,67,Male,Rural,34,16.65424212,759.7101485,14,0
479,59,Female,Suburban,4,36.49167888,898.9850004,2,0
480,47,Female,Urban,28,18.49703482,93.28638564,1,0
481,36,Female,Urban,95,43.15102568,399.1728685,0,0
482,34,Male,Urban,59,45.78131167,109.2431081,8,1
483,36,Male,Suburban,27,7.04844188,26.42655583,8,0
484,45,Female,Suburban,69,31.31741339,665.1014958,6,0
485,43,Male,Suburban,25,31.02454278,606.4249475,2,0
486,54,Male,Suburban,3,22.78756544,171.3889227,17,0
487,43,Male,Suburban,97,56.04256689,241.4747048,10,0
488,40,Male,Rural,68,49.82287287,33.47067611,6,0
489,26,Female,Urban,25,42.13535353,836.5977336,8,1
490,29,Male,Urban,20,43.14527151,974.9436901,0,1
491,18,Male,Urban,34,28.24125248,144.1049414,13,0
492,18,Male,Urban,26,55.33867674,239.1604616,19,1
493,64,Male,Urban,5,41.98113021,869.7254287,5,0
494,51,Female,Urban,99,44.00988264,927.19916,6,0
495,49,Female,Urban,61,51.83976332,425.431109,9,0
496,65,Male,Urban,92,17.17022377,60.11624755,6,0
497,42,Male,Rural,93,48.61718333,48.99791536,1,1
498,57,Male,Urban,9,12.51919557,578.2103674,3,0
499,62,Male,Rural,50,21.37517518,398.9661578,16,0
500,18,Male,Suburban,6,20.8010168,38.3659033,0,0
501,33,Male,Urban,83,58.73300263,587.4198684,9,0
502,56,Female,Suburban,60,51.5356962,21.18951122,18,0
503,22,Male,Suburban,44,42.36902183,789.4982386,14,0
504,39,Female,Suburban,11,43.89634894,313.3684945,9,0
505,46,Female,Rural,66,34.16229487,49.85542298,18,0
506,20,Male,Suburban,47,56.87834936,592.4686988,11,1
507,29,Female,Suburban,73,30.27926642,403.7075703,15,0
508,43,Female,Suburban,85,23.45054488,974.0624092,8,0
509,33,Female,Urban,88,10.61908488,548.7566759,14,0
510,68,Female,Urban,98,47.38613348,282.4867892,16,0
511,54,Female,Rural,86,44.33219199,712.344476,13,0
512,39,Female,Rural,3,23.67694727,278.7770825,17,0
513,46,Male,Urban,76,2.486411424,905.2008585,1,1
514,31,Female,Rural,92,50.50084234,380.9747508,3,0
515,45,Female,Urban,30,1.673661024,554.3698771,17,1
516,22,Female,Suburban,90,42.518287,60.06737279,6,1
517,64,Male,Suburban,21,58.24516947,431.8600256,12,0
518,66,Female,Rural,28,26.82201836,834.0399043,14,0
519,47,Male,Urban,90,14.86343089,807.5923173,0,0
520,63,Female,Urban,62,42.58738959,232.0753733,10,1
521,69,Male,Rural,33,49.21056038,233.8182803,9,1
522,22,Male,Urban,85,33.23938865,819.1322591,4,0
523,29,Female,Suburban,35,58.05508124,931.094436,15,0
524,33,Female,Rural,52,4.048454578,104.4073121,10,0
525,43,Male,Rural,34,30.7829403,455.558053,5,1
526,43,Female,Urban,41,43.38878289,344.0797362,8,1
527,65,Male,Rural,51,51.8957878,871.9815709,12,0
528,38,Male,Urban,47,11.5760811,92.68966553,7,0
529,56,Male,Urban,82,48.20020542,219.0146831,13,0
530,53,Male,Urban,58,33.60971747,754.9436542,0,0
531,50,Male,Urban,75,24.39666724,60.78091049,16,1
532,47,Female,Urban,57,8.771186686,497.6100269,4,0
533,54,Male,Rural,23,52.05244978,447.6859643,1,0
534,40,Male,Suburban,48,10.27911928,341.0571672,8,0
535,27,Female,Suburban,22,19.27748369,400.6265922,3,1
536,22,Male,Rural,17,18.11268639,534.6411811,16,0
537,53,Female,Rural,69,52.41342802,169.7536848,16,0
538,51,Female,Suburban,11,40.68947666,576.2759195,17,0
539,69,Female,Suburban,94,48.00420243,807.378006,15,1
540,48,Male,Suburban,15,15.77760603,762.5593205,7,1
541,27,Male,Suburban,91,37.86757188,162.3609056,10,0
542,36,Male,Suburban,35,34.73301301,157.756975,17,0
543,49,Female,Urban,33,50.13699223,275.4926241,9,0
544,18,Male,Rural,84,54.45913657,367.4639791,12,0
545,22,Female,Urban,16,1.717249517,414.3710256,16,0
546,62,Male,Suburban,34,40.76717522,682.9002447,17,1
547,21,Female,Suburban,66,4.058312148,66.11362784,9,0
548,33,Male,Suburban,99,33.38266124,44.32597718,15,1
549,41,Male,Urban,40,17.97033101,397.9914573,19,0
550,33,Male,Urban,28,19.09981937,700.1920552,4,0
551,19,Female,Suburban,47,21.8245517,201.5009895,12,0
552,66,Female,Urban,39,37.65625449,645.0894364,17,0
553,45,Male,Urban,70,20.70894797,267.2298566,16,0
554,49,Male,Suburban,73,44.22924398,887.2252477,8,0
555,44,Female,Urban,20,24.86711575,896.7330448,13,0
556,37,Female,Rural,1,5.032838818,304.3143322,16,0
557,41,Female,Rural,72,47.24183071,237.6938164,3,0
558,29,Male,Rural,87,17.85974115,417.1909323,17,1
559,67,Female,Rural,63,26.5332459,248.1262693,19,0
560,52,Male,Suburban,67,41.44118911,675.6600049,14,1
561,50,Female,Suburban,4,20.61491327,827.8040377,10,0
562,50,Male,Suburban,58,4.338553713,676.3612096,11,0
563,68,Female,Rural,25,23.06134177,826.1069428,8,0
564,60,Female,Rural,47,56.72246638,403.0222406,12,1
565,54,Female,Urban,38,38.86232944,164.753801,14,0
566,29,Female,Urban,15,40.61726977,740.5714379,14,0
567,20,Female,Rural,63,38.30464706,366.8697601,4,0
568,18,Male,Rural,21,12.7405362,674.558117,18,0
569,50,Female,Rural,99,25.68169798,277.9375026,19,0
570,57,Female,Rural,57,45.3054481,90.41733846,13,0
571,27,Female,Urban,53,6.981000956,992.6559775,16,0
572,60,Male,Rural,46,17.39331379,164.6394929,17,1
573,61,Female,Urban,14,17.3028274,988.536784,2,0
574,46,Male,Rural,76,26.48911673,977.5071332,1,0
575,30,Female,Rural,17,58.84175572,795.8799229,0,0
576,29,Female,Rural,39,4.982650254,662.8287325,9,0
577,48,Male,Urban,9,31.60335867,582.0289797,18,0
578,63,Female,Urban,99,11.58251624,867.4405299,16,0
579,19,Male,Suburban,77,58.26991618,296.5451264,11,1
580,68,Male,Rural,79,7.684906779,473.0044004,0,1
581,67,Female,Suburban,82,24.81245914,623.1960697,11,1
582,52,Male,Suburban,97,44.53521411,417.0785711,16,0
583,40,Female,Urban,6,42.56871125,433.2115895,2,0
584,34,Female,Urban,91,25.94098958,336.9818208,10,0
585,43,Male,Suburban,23,21.44492591,568.5894985,16,0
586,25,Male,Rural,59,24.45913033,852.0687827,2,0
587,46,Male,Urban,91,16.59229953,209.5130942,7,0
588,43,Male,Rural,98,13.11464338,935.0887084,19,0
589,27,Female,Rural,46,29.49934216,692.1967772,3,0
590,43,Female,Suburban,38,16.84349161,825.0404806,6,0
591,51,Male,Suburban,14,17.96023823,560.6287857,13,0
592,68,Female,Suburban,72,39.74860774,781.7215344,13,0
593,58,Female,Suburban,62,58.14370257,26.03839337,3,0
594,24,Female,Urban,35,36.61459483,820.1966205,15,0
595,21,Female,Urban,19,5.541788557,49.73747049,0,0
596,67,Male,Suburban,30,5.459433217,891.0142426,16,1
597,62,Male,Urban,78,57.13397003,992.0431198,9,0
598,28,Female,Suburban,84,18.54015663,301.1267876,15,0
599,46,Male,Rural,25,6.431952179,218.2153707,15,0
600,53,Male,Rural,40,36.34363064,767.7097302,7,0
601,42,Male,Rural,88,37.79527792,260.4960775,6,1
602,38,Female,Suburban,14,39.26178439,866.9067593,5,0
603,53,Female,Rural,26,16.77671964,111.8141662,15,0
604,27,Female,Urban,87,1.891530369,134.6956444,19,1
605,54,Male,Rural,22,57.9359068,979.3600395,15,0
606,26,Female,Rural,48,15.8026897,677.1005093,6,0
607,41,Female,Rural,83,40.885551,848.4183522,8,0
608,52,Male,Urban,51,42.69116232,331.0860836,13,0
609,66,Female,Suburban,3,36.99043761,679.718912,10,0
610,52,Female,Urban,42,19.46153626,598.299409,13,0
611,65,Male,Suburban,19,16.99467897,607.1186189,6,1
612,53,Male,Suburban,73,36.26242868,685.7071349,0,0
613,35,Male,Rural,28,52.09964238,579.6055814,12,0
614,66,Female,Suburban,84,56.85729001,434.7717456,19,0
615,56,Female,Urban,45,7.24844246,283.1634674,2,1
616,49,Female,Urban,71,10.13488814,770.8955176,19,1
617,41,Male,Suburban,78,56.73943927,234.0097057,3,0
618,40,Male,Rural,63,44.45557847,695.4307631,10,0
619,49,Female,Rural,73,53.09663566,240.9994944,1,0
620,54,Female,Urban,19,12.95532541,629.0768683,13,0
621,29,Male,Rural,47,35.6675664,749.6074845,11,0
622,66,Male,Suburban,14,42.36723607,226.52675,16,0
623,30,Male,Suburban,38,41.12660124,69.34386785,11,0
624,40,Male,Urban,53,25.08094976,139.6640056,11,1
625,42,Female,Suburban,61,1.90829861,609.9369976,0,0
626,52,Male,Urban,36,35.39263735,850.9519422,12,1
627,58,Female,Suburban,40,15.93299081,54.54685302,13,0
628,47,Female,Urban,81,27.56500052,736.8097465,1,0
629,34,Female,Rural,30,57.49727989,347.9054595,11,0
630,66,Male,Suburban,9,24.54308374,483.7430862,15,0
631,37,Male,Suburban,64,50.54829479,929.5709543,3,0
632,65,Male,Urban,33,12.12389574,338.6517897,7,0
633,42,Male,Urban,52,40.67516938,470.6835646,1,0
634,39,Female,Suburban,89,58.64341031,23.54559061,9,0
635,30,Male,Urban,14,7.011692952,90.7827328,8,0
636,36,Male,Suburban,75,1.490876591,266.0056752,14,0
637,66,Female,Rural,53,26.58138477,37.57371841,12,0
638,53,Male,Urban,99,6.4649035,635.0615728,16,0
639,29,Female,Suburban,59,45.15467663,432.1343732,15,1
640,58,Female,Rural,78,54.95837117,552.6637507,1,0
641,36,Female,Rural,94,26.60723739,182.900714,19,0
642,29,Female,Suburban,41,16.26398689,302.9727091,19,0
643,26,Female,Urban,68,26.62979582,667.1862301,13,0
644,24,Female,Suburban,68,43.68342125,965.6496964,2,1
645,45,Female,Rural,92,1.534195533,59.91260587,11,0
646,31,Female,Suburban,8,35.77778538,891.4804776,7,0
647,48,Male,Urban,2,37.18420941,581.1123893,1,0
648,69,Male,Rural,86,38.62360657,568.2803711,3,0
649,36,Male,Suburban,41,15.27930272,505.2757499,13,1
650,64,Male,Urban,55,43.12911068,78.70014505,15,0
651,33,Female,Rural,16,6.392097694,98.97808322,18,0
652,22,Male,Urban,93,12.75694985,604.9028856,1,0
653,52,Female,Rural,62,52.77073275,347.5489857,11,0
654,29,Male,Suburban,48,44.58466589,918.0953859,13,0
655,42,Male,Urban,30,1.810987687,412.524632,5,0
656,69,Male,Rural,12,15.65419936,151.8486441,12,0
657,38,Female,Urban,35,13.6499825,717.5716452,3,1
658,53,Male,Urban,11,16.97757335,300.4198872,17,0
659,40,Female,Suburban,64,15.60602645,530.2156043,11,0
660,33,Female,Urban,50,4.689051449,700.8544577,19,0
661,56,Male,Rural,85,28.07749048,901.2614701,18,1
662,62,Male,Rural,21,44.23127501,794.2692829,7,0
663,59,Male,Rural,69,36.79717176,679.5974572,6,0
664,56,Female,Rural,48,40.69942845,682.8368506,15,0
665,31,Male,Suburban,20,5.787801534,946.4653976,18,0
666,48,Female,Urban,67,57.1379519,302.8658565,5,0
667,22,Female,Suburban,44,50.4710182,11.10097325,19,0
668,52,Male,Urban,33,48.50032879,279.2350138,10,0
669,40,Male,Urban,73,49.5560445,225.7124658,4,0
670,46,Female,Urban,61,56.02991998,665.2162393,15,0
671,60,Female,Suburban,9,33.110984,637.3744838,6,1
672,28,Female,Urban,68,12.81663905,597.5267689,4,1
673,35,Male,Suburban,35,37.39023286,26.08100878,10,0
674,64,Female,Rural,81,44.83000813,731.4902739,14,0
675,29,Male,Rural,98,44.53712621,330.2951084,2,0
676,26,Female,Urban,88,31.76549243,668.4054291,4,0
677,27,Female,Suburban,96,5.039064441,561.0126442,4,1
678,61,Male,Rural,65,22.89566337,349.3036162,8,0
679,34,Female,Suburban,8,55.3252299,143.2305044,14,0
680,55,Male,Suburban,45,35.48248568,103.4747087,2,0
681,24,Male,Urban,87,32.76158465,833.2031498,5,0
682,63,Female,Rural,47,16.86235735,919.2135667,16,0
683,30,Male,Urban,40,22.73848628,653.2901663,7,0
684,57,Male,Urban,76,53.82541926,112.3997737,10,0
685,59,Female,Rural,54,40.3213198,408.0069447,5,0
686,26,Male,Rural,76,47.45583458,731.6498081,7,0
687,67,Male,Suburban,46,27.80637996,782.0226752,9,1
688,44,Male,Rural,47,38.18458595,127.0364361,2,0
689,19,Female,Suburban,15,15.65463292,10.03041166,13,1
690,22,Male,Suburban,19,42.62218899,715.0156754,13,0
691,46,Female,Suburban,26,26.22847869,363.0302142,9,0
692,54,Female,Rural,52,27.11018537,261.9365183,11,0
693,55,Male,Urban,93,39.31001715,22.76849509,5,1
694,36,Male,Suburban,22,56.24055667,544.8964127,11,1
695,25,Male,Urban,21,4.77637445,852.6392281,13,0
696,65,Female,Urban,51,49.659851,958.0553298,1,1
697,62,Male,Rural,38,18.25060351,570.0875011,8,1
698,18,Male,Urban,20,27.19124782,519.3167145,9,0
699,39,Male,Urban,29,2.292886398,94.20582163,16,0
700,69,Male,Rural,51,18.76171859,553.3840735,16,1
701,34,Male,Suburban,4,30.65524332,386.1792882,2,1
702,24,Female,Urban,55,4.314388563,611.0639281,18,0
703,42,Female,Rural,71,29.97464803,394.8390844,0,1
704,62,Male,Urban,92,55.6995271,247.8961322,11,0
705,21,Male,Urban,28,7.218199868,104.0156225,6,0
706,53,Male,Suburban,4,46.10200296,321.7692601,3,0
707,23,Male,Urban,22,25.17059215,105.6783859,9,0
708,48,Female,Rural,76,39.65524916,185.1279813,12,0
709,36,Male,Urban,45,16.35395928,987.462797,1,0
710,61,Female,Suburban,67,10.41004349,449.6625213,9,1
711,56,Female,Suburban,86,10.46729424,536.5530488,3,0
712,44,Male,Rural,66,5.159024793,874.8823434,17,0
713,27,Female,Suburban,88,11.95315559,995.6132115,4,0
714,43,Female,Urban,34,40.18894371,586.8873049,18,0
715,36,Female,Suburban,91,53.0197461,814.3490828,1,1
716,56,Female,Rural,55,49.03341545,333.6716141,11,0
717,20,Male,Suburban,1,41.42292428,312.6865179,16,1
718,62,Male,Suburban,72,7.515479941,408.6766838,9,0
719,30,Female,Suburban,87,18.06205933,675.78219,1,0
720,67,Male,Rural,38,19.27860564,685.3697724,5,0
721,45,Male,Suburban,6,15.74745984,322.0870403,7,0
722,37,Male,Suburban,86,31.38533392,141.8778249,18,0
723,45,Male,Urban,25,32.59767508,636.0722939,10,0
724,25,Male,Rural,82,22.05627254,137.0426036,11,0
725,58,Female,Suburban,17,21.87356037,582.7075831,8,0
726,56,Male,Rural,61,49.88478028,696.4879068,1,0
727,18,Male,Suburban,12,47.56827805,703.6053814,7,0
728,20,Male,Suburban,6,19.15995407,755.9373896,10,0
729,30,Male,Suburban,90,54.91351819,874.1308274,3,0
730,45,Female,Urban,27,57.216086,504.959402,9,1
731,66,Female,Urban,8,20.27780998,732.9466976,19,0
732,42,Female,Urban,83,21.91107198,622.981008,15,0
733,50,Female,Rural,65,30.83241505,194.7735404,7,1
734,55,Male,Rural,57,56.52612794,35.43274842,3,0
735,23,Female,Urban,93,52.70284656,291.6959718,9,0
736,61,Male,Rural,99,7.051509792,448.6033693,11,0
737,62,Male,Suburban,40,24.17111385,620.934885,13,0
738,49,Male,Suburban,14,33.6489002,851.4597372,15,1
739,62,Male,Suburban,35,30.68481588,204.2832595,17,1
740,64,Male,Urban,48,12.43792101,134.294292,11,1
741,38,Female,Rural,84,51.6701895,963.845148,17,0
742,33,Female,Urban,56,40.9395062,116.9641138,6,0
743,38,Female,Rural,49,50.43659412,483.7061594,19,0
744,28,Female,Suburban,13,51.66709248,589.7080915,6,0
745,54,Male,Urban,61,45.15299537,545.9606767,8,0
746,53,Female,Rural,49,26.91342547,95.17183546,0,0
747,52,Male,Rural,46,37.02225855,66.45664486,5,0
748,36,Female,Suburban,62,10.46155896,114.4285932,5,0
749,37,Male,Urban,8,40.74507963,589.731807,11,1
750,35,Male,Urban,43,11.57594209,548.9014388,11,1
751,64,Female,Urban,20,41.94302584,241.4033841,9,0
752,58,Male,Suburban,97,14.54629148,641.3964004,5,0
753,66,Male,Urban,90,7.935526709,821.866827,16,0
754,31,Female,Suburban,39,10.75178492,51.16317025,18,1
755,32,Male,Suburban,85,1.117535978,503.1486441,17,0
756,48,Female,Suburban,49,43.40563745,692.417308,5,0
757,18,Female,Rural,64,44.21166189,259.7888078,18,0
758,20,Female,Urban,62,31.38106764,314.6931962,9,0
759,33,Male,Urban,54,10.52040526,617.501524,7,0
760,40,Male,Suburban,9,5.929705913,898.9559405,5,0
761,28,Male,Suburban,88,2.12860902,811.8251761,6,0
762,29,Female,Urban,37,10.77914244,587.2989169,0,0
763,27,Male,Suburban,49,53.56047656,732.9195006,17,0
764,49,Female,Urban,41,15.25067366,371.1742455,19,0
765,33,Female,Rural,17,21.90200831,644.5558728,11,1
766,25,Male,Suburban,88,7.215383584,471.5197752,15,0
767,55,Female,Urban,21,14.11931698,198.0367751,9,1
768,29,Male,Suburban,51,31.63424968,704.7208911,9,0
769,41,Male,Urban,59,36.8574083,560.899991,13,0
770,45,Male,Urban,39,15.47578654,365.0353661,19,0
771,25,Male,Suburban,55,4.406197394,912.2257982,9,0
772,45,Male,Rural,41,24.07093928,30.72477665,9,0
773,53,Female,Urban,39,14.81799888,322.6154197,10,0
774,43,Female,Urban,13,13.95368147,66.3125838,1,0
775,25,Female,Urban,64,57.63190536,768.8620431,19,0
776,67,Male,Rural,11,37.36172867,705.0863796,7,1
777,45,Male,Rural,19,33.85582815,338.0386965,6,1
778,45,Male,Suburban,11,25.53073111,678.9062732,7,0
779,54,Female,Rural,77,26.30771567,401.9778539,0,1
780,58,Male,Suburban,46,32.91339523,758.6912535,1,0
781,53,Female,Suburban,45,42.08935862,459.6418261,17,0
782,44,Female,Rural,1,42.42661967,418.1569306,14,1
783,34,Male,Suburban,40,11.12994055,935.3826163,0,0
784,26,Male,Rural,19,30.50665237,258.3703089,4,0
785,50,Female,Suburban,76,25.30552761,129.2428666,1,0
786,37,Male,Rural,72,52.36109101,588.6976821,19,1
787,30,Female,Rural,72,38.25371635,969.6285942,2,1
788,45,Male,Suburban,61,32.41773992,384.0608216,18,0
789,65,Male,Urban,12,7.808283889,71.41639599,17,0
790,46,Female,Suburban,61,36.73263547,345.9122146,17,0
791,30,Male,Rural,33,7.915030435,510.8723378,13,0
792,63,Female,Urban,45,20.89518796,170.3037766,7,0
793,52,Male,Suburban,90,9.427675924,661.5211959,11,0
794,23,Female,Suburban,92,41.83234517,997.7718951,9,0
795,35,Female,Suburban,69,13.16887472,457.2220812,19,0
796,68,Male,Urban,8,24.11970302,361.1812712,16,0
797,22,Female,Rural,25,53.84481188,406.6971252,10,0
798,64,Male,Suburban,91,13.05466662,123.9947166,1,1
799,42,Male,Suburban,46,30.96049877,884.4408654,3,0
800,19,Male,Suburban,87,25.73702801,420.677399,0,0
801,27,Female,Suburban,30,2.069318422,393.4016673,14,0
802,47,Female,Suburban,47,47.7727287,663.0933702,12,0
803,67,Male,Rural,87,5.073708473,447.6130867,7,0
804,62,Male,Rural,49,28.98104624,651.7511341,3,0
805,22,Female,Suburban,47,34.0800194,70.83182723,9,0
806,50,Male,Urban,84,38.07716094,815.5861103,18,0
807,18,Male,Rural,82,41.62926613,941.0989134,17,0
808,35,Female,Urban,18,15.94307063,652.2777323,4,0
809,49,Male,Rural,66,1.588747823,955.0202696,18,1
810,64,Female,Suburban,68,43.68317608,159.9179912,15,0
811,66,Male,Rural,94,32.60373936,482.6420276,0,0
812,28,Female,Suburban,33,50.33094449,605.7886666,11,0
813,38,Male,Rural,36,49.46191341,585.9192809,1,0
814,43,Male,Suburban,82,50.7562439,407.4471613,7,0
815,42,Female,Suburban,19,29.62058494,344.7035653,17,0
816,39,Male,Suburban,28,20.68407535,135.5557823,15,0
817,44,Female,Suburban,40,47.70193395,397.8250261,4,0
818,66,Male,Urban,84,27.62635267,171.034207,12,0
819,30,Female,Suburban,97,11.82308959,737.0220197,18,0
820,50,Female,Urban,76,51.44346715,216.7426261,2,0
821,51,Female,Urban,15,53.07103273,67.97965223,7,0
822,58,Female,Suburban,41,28.51227561,556.8424764,11,0
823,52,Male,Urban,39,5.466283911,599.2774354,1,0
824,18,Male,Rural,2,23.88173931,873.1939307,10,0
825,38,Female,Suburban,63,48.40872191,581.2117963,11,1
826,65,Female,Urban,29,54.20466768,352.0260452,17,0
827,23,Female,Suburban,74,13.00489181,804.9817627,12,1
828,45,Male,Suburban,66,4.951443109,544.8761043,4,0
829,34,Male,Suburban,51,52.76367673,88.48748178,11,0
830,22,Male,Urban,75,23.9748914,570.1920547,1,0
831,48,Male,Rural,77,32.96389689,908.93836,4,1
832,22,Female,Rural,10,58.11588291,402.3494992,6,0
833,55,Female,Urban,14,4.927318947,303.3625439,11,0
834,20,Female,Suburban,82,39.25076244,152.0347624,15,0
835,40,Male,Urban,51,5.372219932,159.9310667,7,0
836,54,Male,Urban,73,23.15266678,438.4437695,8,0
837,54,Male,Urban,39,48.42505817,599.7230259,14,1
838,27,Female,Suburban,28,26.57486173,89.80925112,4,1
839,27,Female,Urban,3,59.83375888,940.1729031,12,0
840,36,Male,Suburban,84,33.98449781,757.5822813,4,1
841,34,Female,Urban,70,19.94856701,590.7576791,10,0
842,38,Male,Rural,27,13.98656823,830.1542842,9,0
843,31,Male,Urban,2,21.68071152,89.38488924,19,0
844,26,Female,Urban,93,22.97946315,482.070489,12,0
845,63,Male,Rural,38,5.054106986,633.7921956,8,1
846,18,Female,Suburban,3,22.80487777,830.3663771,13,0
847,68,Male,Suburban,16,28.39007266,785.6348644,17,0
848,62,Female,Urban,94,43.64152738,284.2985572,14,0
849,30,Female,Rural,40,39.7470396,941.4713679,9,0
850,21,Female,Suburban,2,42.81717366,133.102383,6,0
851,18,Male,Urban,81,1.493457231,876.3822824,7,1
852,66,Male,Rural,41,13.84237658,971.2308471,2,1
853,57,Female,Suburban,12,40.03937302,185.381988,14,0
854,49,Female,Suburban,35,29.55537272,724.8454036,15,0
855,51,Male,Rural,65,1.313495064,49.88266359,3,0
856,45,Male,Rural,55,48.4651839,411.3685969,5,0
857,48,Male,Rural,45,46.59576482,521.1204662,0,0
858,25,Female,Rural,79,33.35673062,584.8387737,3,0
859,56,Male,Urban,90,4.921336221,936.5778758,10,0
860,43,Male,Rural,85,46.22438792,675.5281804,11,0
861,51,Female,Suburban,62,35.43910168,486.4651717,4,0
862,20,Male,Suburban,49,47.13563865,811.5782859,15,0
863,67,Male,Urban,95,45.35307255,951.0274927,12,0
864,29,Male,Suburban,25,48.37712225,31.8454872,12,0
865,18,Female,Suburban,23,31.56247592,982.6960595,16,1
866,61,Female,Rural,24,9.279146573,95.27081767,6,0
867,22,Female,Suburban,38,40.59829093,816.2429115,7,1
868,47,Female,Urban,28,37.60795332,287.531405,12,0
869,47,Female,Rural,21,44.79293804,140.8578612,15,0
870,34,Female,Rural,54,11.02297936,445.4570833,3,0
871,65,Female,Urban,18,12.50353679,647.5170137,7,1
872,64,Male,Rural,36,53.53416152,387.1423266,15,0
873,40,Male,Rural,99,45.24869011,64.0197542,9,0
874,32,Female,Urban,45,54.58548083,603.4665283,11,0
875,54,Male,Rural,73,45.76420395,903.3792433,11,0
876,38,Male,Urban,53,36.23216305,389.3832123,4,0
877,31,Female,Urban,30,39.59383148,224.1694499,15,1
878,19,Male,Suburban,60,53.45854751,448.1515725,0,0
879,28,Male,Suburban,98,35.14959852,57.87908394,8,0
880,68,Male,Rural,32,38.31108814,822.2827086,11,0
881,56,Male,Rural,67,10.23212624,828.0774028,4,0
882,55,Male,Urban,67,28.96135199,592.1204588,19,0
883,51,Female,Rural,28,43.26742961,359.57186,2,0
884,55,Female,Urban,44,16.9856192,801.7855308,4,0
885,67,Female,Urban,79,12.93299665,559.1401545,1,0
886,51,Male,Rural,41,19.51578169,827.6729855,13,0
887,35,Female,Urban,63,15.24853705,635.1442047,1,1
888,47,Male,Suburban,23,13.67984559,786.5614185,12,0
889,32,Male,Rural,75,26.06619973,602.5773633,6,0
890,44,Male,Suburban,48,54.56247232,419.9996575,9,0
891,68,Male,Rural,32,30.91651916,958.3664013,12,0
892,51,Female,Urban,57,12.08730247,545.7026866,15,0
893,69,Female,Rural,33,5.541328493,609.0386234,13,0
894,55,Male,Suburban,24,42.07321256,228.282763,10,0
895,50,Female,Urban,39,23.5851271,629.3942815,9,1
896,41,Male,Rural,34,49.48802585,575.891573,5,0
897,32,Female,Rural,56,39.91113535,192.990014,3,0
898,47,Female,Rural,28,47.97824558,68.99122638,0,0
899,59,Male,Suburban,37,17.04481633,608.3157265,6,0
900,68,Female,Suburban,7,41.84917643,766.0553467,8,0
901,34,Male,Rural,68,16.5796571,528.1673572,7,1
902,22,Female,Urban,37,56.40504029,234.5048991,4,0
903,46,Male,Urban,56,38.54608261,669.8567569,18,0
904,21,Male,Suburban,65,20.14619621,89.30466934,9,0
905,27,Female,Urban,65,16.90119988,447.4153678,10,0
906,34,Female,Suburban,47,12.26466852,171.7330908,14,0
907,27,Male,Rural,20,41.98381657,192.6144605,5,0
908,34,Female,Suburban,19,13.90422117,210.2710097,14,0
909,37,Female,Suburban,29,36.12289269,392.8399865,4,0
910,41,Male,Rural,74,16.61346659,60.63870356,18,0
911,22,Male,Urban,60,40.05616774,403.8155065,18,1
912,51,Female,Suburban,18,49.08144398,516.5903726,9,0
913,23,Male,Suburban,92,46.90348935,488.4613421,11,1
914,19,Male,Rural,35,45.89022852,388.9562594,3,0
915,30,Male,Urban,43,12.07562194,840.755142,17,0
916,60,Female,Suburban,95,6.214711872,153.8734255,15,0
917,60,Female,Rural,91,42.23798088,510.6397763,7,0
918,65,Male,Suburban,11,22.73248561,71.42100279,3,0
919,28,Female,Rural,49,26.50842736,80.44412209,11,0
920,68,Male,Urban,38,2.837796475,578.1271912,1,0
921,64,Female,Urban,64,16.31501051,570.3582406,3,1
922,40,Male,Urban,69,2.986907829,879.2531777,4,0
923,33,Male,Urban,8,52.87196058,562.2949389,2,0
924,48,Female,Suburban,34,15.36040431,960.1931102,8,0
925,28,Male,Suburban,48,33.882893,58.20789992,17,1
926,33,Female,Urban,56,3.299779919,107.0276079,10,0
927,25,Female,Urban,76,40.34399609,53.62520295,2,0
928,21,Male,Urban,65,20.0586134,193.4240818,1,0
929,57,Male,Suburban,31,53.97723203,545.8574098,8,0
930,21,Female,Urban,4,53.39897315,649.1164596,13,1
931,42,Male,Urban,50,20.19214648,55.12930637,3,0
932,20,Male,Urban,69,54.15669285,946.5111809,8,0
933,49,Male,Rural,30,59.77330274,843.7437229,12,1
934,20,Male,Urban,88,49.69952418,303.6463573,17,0
935,44,Male,Rural,59,50.84740952,86.41565492,14,0
936,46,Female,Rural,67,15.69151543,178.1882025,9,0
937,49,Female,Urban,75,35.02544153,135.6749696,15,0
938,67,Male,Rural,45,4.968098924,132.0509415,11,0
939,68,Male,Urban,4,6.600158272,523.3760718,19,0
940,36,Male,Suburban,26,59.93466411,253.3889681,4,0
941,38,Female,Suburban,27,20.27171572,364.5583194,1,0
942,22,Male,Suburban,46,45.14285081,989.6102801,9,0
943,35,Female,Suburban,64,48.59323813,687.4711064,0,1
944,45,Female,Rural,91,51.62337299,949.4908604,6,0
945,59,Female,Urban,51,59.86006955,151.1309895,16,0
946,39,Male,Urban,50,15.24829263,388.3180801,15,0
947,38,Female,Urban,6,3.380698785,559.1844852,2,0
948,23,Male,Suburban,59,25.26029956,85.99048127,13,0
949,18,Female,Suburban,15,8.67475952,14.14556919,9,0
950,22,Male,Urban,30,2.323127461,673.7299905,6,0
951,58,Female,Suburban,42,22.2651828,645.4013216,16,0
952,29,Male,Urban,37,47.24055681,416.6809219,5,0
953,43,Female,Urban,42,34.40466078,494.7476353,3,0
954,63,Male,Urban,35,19.45390136,421.2885706,16,0
955,51,Male,Urban,87,39.60617832,33.7649944,8,1
956,66,Male,Urban,6,14.68907264,342.0178902,3,0
957,31,Male,Urban,68,1.848505318,185.3114328,6,0
958,43,Female,Urban,18,46.0968498,107.4399472,1,0
959,62,Female,Suburban,73,37.80084201,957.1532296,16,1
960,44,Male,Urban,29,45.97585485,603.3661278,7,0
961,26,Female,Urban,77,3.297342985,731.3697214,14,0
962,43,Male,Suburban,59,50.39005804,322.2101058,14,0
963,64,Male,Suburban,47,37.5520458,399.2156582,7,1
964,39,Female,Suburban,17,34.24032569,244.554754,15,0
965,64,Male,Urban,96,37.85222884,105.9960143,18,0
966,47,Male,Rural,22,52.00156157,187.2413211,10,1
967,60,Female,Rural,68,35.62925389,799.5389048,1,1
968,65,Male,Suburban,69,35.27607241,680.7703471,16,1
969,34,Male,Rural,37,59.45007027,551.4595872,15,0
970,43,Male,Suburban,49,45.64707986,480.3389741,14,0
971,53,Male,Urban,13,27.09533452,923.2099408,12,0
972,18,Female,Rural,34,42.736423,82.0075983,14,0
973,25,Female,Urban,86,23.96459783,287.7948051,3,0
974,66,Female,Rural,53,14.50365229,356.438475,15,0
975,52,Male,Urban,87,36.21426074,784.6015541,11,0
976,69,Male,Rural,51,55.76274379,992.589474,3,0
977,32,Female,Urban,3,55.81923168,248.2638096,2,0
978,64,Male,Urban,42,21.17241141,875.5642608,16,0
979,39,Male,Rural,98,32.13297051,832.3165328,17,0
980,31,Male,Urban,32,13.48651802,232.4108237,17,0
981,43,Male,Urban,51,59.74223546,405.3392544,16,0
982,45,Female,Urban,85,58.88595656,415.5761406,11,0
983,40,Female,Rural,46,39.32102685,978.4384618,3,0
984,31,Female,Rural,21,48.46042952,189.0829824,11,0
985,41,Male,Urban,44,43.19090952,801.1663914,19,0
986,19,Female,Urban,11,35.99633492,340.850787,14,1
987,62,Female,Rural,68,4.147531822,733.5616423,15,0
988,43,Male,Rural,1,27.83109621,425.8108943,4,0
989,31,Male,Urban,92,40.81239183,582.5761655,14,1
990,68,Female,Urban,63,40.97436522,834.2856556,16,0
991,24,Female,Urban,24,23.01423449,806.1239093,17,1
992,20,Female,Suburban,99,56.55982721,867.7589517,4,1
993,64,Female,Rural,13,10.8740649,69.02115209,12,0
994,40,Male,Suburban,98,30.52120733,695.1300475,18,1
995,63,Female,Rural,11,41.76215462,148.587503,12,0
996,60,Female,Rural,51,42.13101255,421.6603823,17,0
997,64,Male,Rural,17,39.26969845,553.1025309,13,0
998,62,Female,Rural,99,17.24200459,408.7120899,3,0
999,35,Male,Rural,82,10.21618755,524.415559,3,1
1000,55,Male,Rural,86,38.52047928,996.5610457,19,0
